agent,batch,task_a_accuracy,task_b_accuracy
previously_trained_stability_biased,0,0.9970,0.4888
fresh_task_b_model,0,0.4905,0.5022
previously_trained_stability_biased,1,0.9972,0.4903
fresh_task_b_model,1,0.4105,0.9183
previously_trained_stability_biased,2,0.9982,0.4913
fresh_task_b_model,2,0.4537,0.9577
previously_trained_stability_biased,3,0.9978,0.4920
fresh_task_b_model,3,0.4667,0.9712
previously_trained_stability_biased,4,0.9978,0.4938
fresh_task_b_model,4,0.4760,0.9822
previously_trained_stability_biased,5,0.9968,0.4945
fresh_task_b_model,5,0.4835,0.9922
previously_trained_stability_biased,6,0.9962,0.4960
fresh_task_b_model,6,0.4825,0.9925
previously_trained_stability_biased,7,0.9958,0.4968
fresh_task_b_model,7,0.4900,0.9935
previously_trained_stability_biased,8,0.9955,0.4975
fresh_task_b_model,8,0.4943,0.9950
previously_trained_stability_biased,9,0.9940,0.4983
fresh_task_b_model,9,0.4928,0.9962
previously_trained_stability_biased,10,0.9935,0.4995
fresh_task_b_model,10,0.4960,0.9960
previously_trained_stability_biased,11,0.9920,0.5010
fresh_task_b_model,11,0.4898,0.9972
previously_trained_stability_biased,12,0.9915,0.5022
fresh_task_b_model,12,0.4868,0.9980
previously_trained_stability_biased,13,0.9912,0.5032
fresh_task_b_model,13,0.4860,0.9958
previously_trained_stability_biased,14,0.9908,0.5038
fresh_task_b_model,14,0.4888,0.9998
previously_trained_stability_biased,15,0.9905,0.5050
fresh_task_b_model,15,0.4873,0.9962
previously_trained_stability_biased,16,0.9898,0.5052
fresh_task_b_model,16,0.4873,0.9950
previously_trained_stability_biased,17,0.9888,0.5058
fresh_task_b_model,17,0.4850,0.9945
previously_trained_stability_biased,18,0.9882,0.5072
fresh_task_b_model,18,0.4845,0.9938
previously_trained_stability_biased,19,0.9878,0.5078
fresh_task_b_model,19,0.4863,0.9948
previously_trained_stability_biased,20,0.9875,0.5080
fresh_task_b_model,20,0.4880,0.9930
previously_trained_stability_biased,21,0.9855,0.5092
fresh_task_b_model,21,0.4845,0.9925
previously_trained_stability_biased,22,0.9852,0.5102
fresh_task_b_model,22,0.4873,0.9958
previously_trained_stability_biased,23,0.9840,0.5110
fresh_task_b_model,23,0.4878,0.9958
previously_trained_stability_biased,24,0.9838,0.5115
fresh_task_b_model,24,0.4885,0.9948
previously_trained_stability_biased,25,0.9825,0.5125
fresh_task_b_model,25,0.4875,0.9962
previously_trained_stability_biased,26,0.9822,0.5130
fresh_task_b_model,26,0.4888,0.9972
previously_trained_stability_biased,27,0.9810,0.5132
fresh_task_b_model,27,0.4890,0.9978
previously_trained_stability_biased,28,0.9800,0.5135
fresh_task_b_model,28,0.4888,0.9985
previously_trained_stability_biased,29,0.9795,0.5145
fresh_task_b_model,29,0.4915,0.9982
previously_trained_stability_biased,30,0.9795,0.5158
fresh_task_b_model,30,0.4915,0.9982
